2024-04-30T00:39:15,2024-04-22T12:22:45,"-8 days, 11:43:30"
2024-04-30T01:18:52,2024-04-22T12:22:45,"-8 days, 11:03:53"
2024-04-30T01:18:52,2024-04-22T12:22:45,"-8 days, 11:03:53"
2024-04-30T02:14:59,2024-04-22T12:22:45,"-8 days, 10:07:46"
2024-04-30T02:26:19,2024-04-22T12:22:45,"-8 days, 9:56:26"
2024-04-30T02:53:06,2024-04-22T12:22:45,"-8 days, 9:29:39"
2024-04-30T03:17:08,2024-04-22T12:22:45,"-8 days, 9:05:37"
2024-04-30T03:20:48,2024-04-22T12:22:45,"-8 days, 9:01:57"
2024-04-30T03:21:46,2024-04-22T12:22:45,"-8 days, 9:00:59"
2024-04-30T03:28:43,2024-04-22T12:22:45,"-8 days, 8:54:02"
2024-04-30T03:30:16,2024-04-22T12:22:45,"-8 days, 8:52:29"
2024-04-30T03:33:19,2024-04-22T12:22:45,"-8 days, 8:49:26"
2024-04-30T05:24:53,2024-04-22T12:22:45,"-8 days, 6:57:52"
2024-04-30T06:09:22,2024-04-22T12:22:45,"-8 days, 6:13:23"
2024-04-30T06:10:41,2024-04-22T12:22:45,"-8 days, 6:12:04"
2024-05-01T15:19:42,2024-04-22T12:22:45,"-10 days, 21:03:03"
2024-05-01T15:19:42,2024-04-22T12:22:45,"-10 days, 21:03:03"
2024-05-01T15:19:42,2024-04-22T12:22:45,"-10 days, 21:03:03"
2024-05-01T15:19:42,2024-04-22T12:22:45,"-10 days, 21:03:03"
2024-05-01T15:19:42,2024-04-22T12:22:45,"-10 days, 21:03:03"
2024-05-01T15:19:42,2024-04-22T12:22:45,"-10 days, 21:03:03"
2024-05-01T15:19:42,2024-04-22T12:22:45,"-10 days, 21:03:03"
2024-05-01T15:19:42,2024-04-22T12:22:45,"-10 days, 21:03:03"
2024-05-01T15:19:42,2024-04-22T12:22:45,"-10 days, 21:03:03"
2024-05-01T15:19:42,2024-04-22T12:22:45,"-10 days, 21:03:03"
2024-05-01T15:19:42,2024-04-22T12:22:45,"-10 days, 21:03:03"
2024-05-01T15:19:42,2024-04-22T12:22:45,"-10 days, 21:03:03"
2024-05-01T15:19:42,2024-04-22T12:22:45,"-10 days, 21:03:03"
2024-05-01T15:19:42,2024-04-22T12:22:45,"-10 days, 21:03:03"
2024-05-01T15:19:42,2024-04-22T12:22:45,"-10 days, 21:03:03"
2024-05-01T15:19:42,2024-04-22T12:22:45,"-10 days, 21:03:03"
2024-05-01T15:19:42,2024-04-22T12:22:45,"-10 days, 21:03:03"
2024-05-01T15:19:42,2024-04-22T12:22:45,"-10 days, 21:03:03"
2024-05-01T15:19:42,2024-04-22T12:22:45,"-10 days, 21:03:03"
2024-05-01T15:19:42,2024-04-22T12:22:45,"-10 days, 21:03:03"
2024-05-01T15:19:42,2024-04-22T12:22:45,"-10 days, 21:03:03"
2024-05-01T15:19:42,2024-04-22T12:22:45,"-10 days, 21:03:03"
2024-05-01T15:19:42,2024-04-22T12:22:45,"-10 days, 21:03:03"
2024-05-01T15:19:42,2024-04-22T12:22:45,"-10 days, 21:03:03"
2024-05-01T15:19:42,2024-04-22T12:22:45,"-10 days, 21:03:03"
2024-05-01T15:19:42,2024-04-22T12:22:45,"-10 days, 21:03:03"
2024-05-01T15:19:42,2024-04-22T12:22:45,"-10 days, 21:03:03"
2024-05-01T15:19:42,2024-04-22T12:22:45,"-10 days, 21:03:03"
2024-05-01T15:19:42,2024-04-22T12:22:45,"-10 days, 21:03:03"
2024-05-01T15:19:42,2024-04-22T12:22:45,"-10 days, 21:03:03"
2024-05-01T15:19:42,2024-04-22T12:22:45,"-10 days, 21:03:03"
2024-05-01T15:19:42,2024-04-22T12:22:45,"-10 days, 21:03:03"
2024-05-01T15:19:42,2024-04-22T12:22:45,"-10 days, 21:03:03"
2024-05-01T15:19:43,2024-04-22T12:22:45,"-10 days, 21:03:02"
2024-05-01T15:19:43,2024-04-22T12:22:45,"-10 days, 21:03:02"
2024-05-01T15:19:43,2024-04-22T12:22:45,"-10 days, 21:03:02"
2024-05-01T15:19:43,2024-04-22T12:22:45,"-10 days, 21:03:02"
2024-05-01T15:19:43,2024-04-22T12:22:45,"-10 days, 21:03:02"
2024-05-01T15:19:43,2024-04-22T12:22:45,"-10 days, 21:03:02"
2024-05-01T15:19:43,2024-04-22T12:22:45,"-10 days, 21:03:02"
2024-05-01T15:19:43,2024-04-22T12:22:45,"-10 days, 21:03:02"
2024-05-01T15:19:43,2024-04-22T12:22:45,"-10 days, 21:03:02"
2024-05-01T15:19:43,2024-04-22T12:22:45,"-10 days, 21:03:02"
2024-05-01T15:19:43,2024-04-22T12:22:45,"-10 days, 21:03:02"
2024-05-01T15:19:43,2024-04-22T12:22:45,"-10 days, 21:03:02"
2024-05-01T15:19:43,2024-04-22T12:22:45,"-10 days, 21:03:02"
2024-05-01T15:19:43,2024-04-22T12:22:45,"-10 days, 21:03:02"
2024-05-01T15:19:43,2024-04-22T12:22:45,"-10 days, 21:03:02"
2024-05-01T15:19:43,2024-04-22T12:22:45,"-10 days, 21:03:02"
2024-05-01T15:19:43,2024-04-22T12:22:45,"-10 days, 21:03:02"
2024-05-01T15:19:43,2024-04-22T12:22:45,"-10 days, 21:03:02"
2024-05-01T15:19:43,2024-04-22T12:22:45,"-10 days, 21:03:02"
2024-05-01T15:19:43,2024-04-22T12:22:45,"-10 days, 21:03:02"
2024-05-01T15:19:43,2024-04-22T12:22:45,"-10 days, 21:03:02"
2024-05-01T15:19:43,2024-04-22T12:22:45,"-10 days, 21:03:02"
2024-05-01T15:19:43,2024-04-22T12:22:45,"-10 days, 21:03:02"
2024-05-01T15:19:43,2024-04-22T12:22:45,"-10 days, 21:03:02"
2024-05-01T15:19:43,2024-04-22T12:22:45,"-10 days, 21:03:02"
2024-05-01T15:19:43,2024-04-22T12:22:45,"-10 days, 21:03:02"
2024-05-01T15:19:43,2024-04-22T12:22:45,"-10 days, 21:03:02"
2024-05-01T15:19:43,2024-04-22T12:22:45,"-10 days, 21:03:02"
2024-05-01T15:19:43,2024-04-22T12:22:45,"-10 days, 21:03:02"
2024-05-01T15:19:43,2024-04-22T12:22:45,"-10 days, 21:03:02"
2024-05-01T15:19:43,2024-04-22T12:22:45,"-10 days, 21:03:02"
2024-05-01T15:19:43,2024-04-22T12:22:45,"-10 days, 21:03:02"
2024-05-01T15:19:43,2024-04-22T12:22:45,"-10 days, 21:03:02"
2024-05-01T15:19:43,2024-04-22T12:22:45,"-10 days, 21:03:02"
2024-05-01T15:19:43,2024-04-22T12:22:45,"-10 days, 21:03:02"
2024-05-01T15:19:43,2024-04-22T12:22:45,"-10 days, 21:03:02"
2024-05-01T15:19:43,2024-04-22T12:22:45,"-10 days, 21:03:02"
2024-05-01T15:19:43,2024-04-22T12:22:45,"-10 days, 21:03:02"
2024-05-01T15:19:43,2024-04-22T12:22:45,"-10 days, 21:03:02"
2024-05-01T15:19:43,2024-04-22T12:22:45,"-10 days, 21:03:02"
2024-05-01T15:19:43,2024-04-22T12:22:45,"-10 days, 21:03:02"
2024-05-01T15:19:43,2024-04-22T12:22:45,"-10 days, 21:03:02"
2024-05-01T15:19:43,2024-04-22T12:22:45,"-10 days, 21:03:02"
2024-05-01T15:19:43,2024-04-22T12:22:45,"-10 days, 21:03:02"
2024-05-01T15:19:43,2024-04-22T12:22:45,"-10 days, 21:03:02"
2024-05-01T15:19:43,2024-04-22T12:22:45,"-10 days, 21:03:02"
2024-05-01T15:19:43,2024-04-22T12:22:45,"-10 days, 21:03:02"
2024-05-01T15:19:43,2024-04-22T12:22:45,"-10 days, 21:03:02"
2024-05-01T15:19:43,2024-04-22T12:22:45,"-10 days, 21:03:02"
2024-05-01T15:19:43,2024-04-22T12:22:45,"-10 days, 21:03:02"
2024-05-01T15:19:43,2024-04-22T12:22:45,"-10 days, 21:03:02"
2024-05-01T15:19:43,2024-04-22T12:22:45,"-10 days, 21:03:02"
2024-05-01T15:19:43,2024-04-22T12:22:45,"-10 days, 21:03:02"
2024-05-01T15:19:43,2024-04-22T12:22:45,"-10 days, 21:03:02"
2024-05-01T15:19:43,2024-04-22T12:22:45,"-10 days, 21:03:02"
2024-05-01T15:19:43,2024-04-22T12:22:45,"-10 days, 21:03:02"
2024-05-01T15:19:43,2024-04-22T12:22:45,"-10 days, 21:03:02"
2024-05-01T15:19:43,2024-04-22T12:22:45,"-10 days, 21:03:02"
2024-05-01T15:19:43,2024-04-22T12:22:45,"-10 days, 21:03:02"
2024-05-01T15:19:43,2024-04-22T12:22:45,"-10 days, 21:03:02"
2024-05-01T15:19:43,2024-04-22T12:22:45,"-10 days, 21:03:02"
2024-05-01T15:19:43,2024-04-22T12:22:45,"-10 days, 21:03:02"
2024-05-01T15:19:43,2024-04-22T12:22:45,"-10 days, 21:03:02"
2024-05-01T15:19:43,2024-04-22T12:22:45,"-10 days, 21:03:02"
2024-05-01T15:20:04,2024-04-22T12:22:45,"-10 days, 21:02:41"
2024-05-01T15:20:04,2024-04-22T12:22:45,"-10 days, 21:02:41"
2024-05-01T15:20:04,2024-04-22T12:22:45,"-10 days, 21:02:41"
2024-05-01T15:20:04,2024-04-22T12:22:45,"-10 days, 21:02:41"
2024-05-01T15:20:04,2024-04-22T12:22:45,"-10 days, 21:02:41"
2024-05-01T15:20:04,2024-04-22T12:22:45,"-10 days, 21:02:41"
2024-05-01T15:48:28,2024-04-22T12:22:45,"-10 days, 20:34:17"
2024-05-01T15:48:28,2024-04-22T12:22:45,"-10 days, 20:34:17"
2024-05-01T15:48:28,2024-04-22T12:22:45,"-10 days, 20:34:17"
2024-05-01T15:49:06,2024-04-22T12:22:45,"-10 days, 20:33:39"
2024-05-01T15:51:49,2024-04-22T12:22:45,"-10 days, 20:30:56"
2024-05-01T15:54:46,2024-04-22T12:22:45,"-10 days, 20:27:59"
2024-05-01T15:55:48,2024-04-22T12:22:45,"-10 days, 20:26:57"
2024-05-01T15:59:37,2024-04-22T12:22:45,"-10 days, 20:23:08"
2024-05-01T16:00:32,2024-04-22T12:22:45,"-10 days, 20:22:13"
2024-05-01T16:01:07,2024-04-22T12:22:45,"-10 days, 20:21:38"
2024-05-01T16:01:10,2024-04-22T12:22:45,"-10 days, 20:21:35"
2024-05-01T16:02:07,2024-04-22T12:22:45,"-10 days, 20:20:38"
2024-05-01T16:02:07,2024-04-22T12:22:45,"-10 days, 20:20:38"
2024-05-01T16:02:08,2024-04-22T12:22:45,"-10 days, 20:20:37"
2024-05-01T16:02:30,2024-04-22T12:22:45,"-10 days, 20:20:15"
2024-05-01T16:06:19,2024-04-22T12:22:45,"-10 days, 20:16:26"
2024-05-01T16:39:56,2024-04-22T12:22:45,"-10 days, 19:42:49"
2024-05-01T16:42:19,2024-04-22T12:22:45,"-10 days, 19:40:26"
2024-05-01T16:44:47,2024-04-22T12:22:45,"-10 days, 19:37:58"
2024-05-01T16:45:36,2024-04-22T12:22:45,"-10 days, 19:37:09"
2024-05-01T15:19:43,2024-04-23T08:59:09,"-9 days, 17:39:26"
2024-05-01T15:19:43,2024-04-23T08:59:09,"-9 days, 17:39:26"
2024-05-01T15:19:43,2024-04-23T08:59:09,"-9 days, 17:39:26"
2024-05-01T15:19:43,2024-04-23T08:59:09,"-9 days, 17:39:26"
2024-04-30T07:31:18,2024-04-24T21:10:45,"-6 days, 13:39:27"
